1|Web|http://delsol.uy|2
2|twitter|https://twitter.com/DelSolUy|2
3|Tunein|https://tunein.com/radio/FM-Del-Sol-995-s13953/|2
4|Web|http://oceano.uy|1
5|twitter|https://twitter.com/Oceano939|1
6|Web|http://www.sport890.com.uy/|3
7|twitter|https://twitter.com/Sport890|3
8|Web|http://www.marca.com/radio.html|26
9|twitter|https://twitter.com/radiomarca|26
10|Web|https://vorterix.com/|13
11|twitter|https://twitter.com/vorterix|13
12|Web|https://www.jazzgroove.org/|23
13|twitter|https://twitter.com/thejazzgroove|23
14|Web|https://www.veniceclassicradio.eu/|22
15|Web|https://www.majesticjukeboxradio.com|21
16|Web|https://www.deepershades.net/|33
17|twitter|https://twitter.com/DeeperShades|33
18|Web|https://www.cope.es/|30
19|Web|https://www.bbc.co.uk/radio4|38
20|Web|https://radio1010.uy/|27
21|Web|https://bestsmoothjazz.com/|24
22|twitter|https://twitter.com/bestsmoothjazz|24
23|Web|https://970universal.com/|28
24|twitter|https://twitter.com/970universal|28
25|Web|http://www.urbana.com.uy/|18
26|Web|http://www.rockfm.fm/|34
27|twitter|https://twitter.com/#!/RockFM_ES|34
28|Web|http://cadenaser.com/|31
29|Web|http://www.espectador.com/|4
30|twitter|https://twitter.com/espectador810|4
31|Web|http://www.carve850.com.uy/|29
32|twitter|https://twitter.com/carve850|29
33|Web|http://www.adnradio.cl/|35
34|twitter|https://twitter.com/adnradiochile|35
35|Web|http://www.delplatafm.com/|40
36|twitter|https://twitter.com/DelPlataFM|40
37|Radios.com.uy|http://www.radios.com.uy/del-plata-fm/|40
38|Tunein|https://tunein.com/radio/Del-Plata-955-s121573/|40
39|Radios.com.uy|http://www.radios.com.uy/sport-890/|3
40|Radios.com.uy|http://www.radios.com.uy/urbana/|18
41|Radios.com.uy|http://www.radios.com.uy/oceano-fm/|1
42|Radios.com.uy|http://www.radios.com.uy/del-sol-montevideo/|2
43|Web|http://www.radiomontecarlo.com.uy/|41
44|twitter|https://twitter.com/montecarlo930|41
45|Radios.com.uy|http://www.radios.com.uy/monte-montevideo/|41
46|Radios.com.uy|http://www.radios.com.uy/radio-carve/|29
47|Radios.com.uy|http://www.radios.com.uy/universal-montevideo/|28
48|Radios.com.uy|http://www.radios.com.uy/1010-am/|27
49|Web|http://www.rf.com.uy/|11
50|Radios.com.uy|http://www.radios.com.uy/radio-el-espectador/|4
51|twitter|https://twitter.com/radiofutura911|11
52|Radios.com.uy|http://www.radios.com.uy/futura/|11
53|Web|https://www.metro951.com/|5
54|twitter|https://twitter.com/Metro951|5
55|Radioarg.com|http://www.radioarg.com/radio-metro/|5
56|Radioarg.com|http://www.radioarg.com/vorterix/|13
57|Web|http://www.continental.com.ar/|19
58|twitter|https://twitter.com/continental590|19
59|Radioarg.com|http://www.radioarg.com/continental/|19
60|Web|https://www.radionacional.com.ar/nacionalrock/|25
61|twitter|https://twitter.com/NacionalAM870|25
62|Radioarg.com|http://www.radioarg.com/nacional-rock/|25
63|Web|https://www.lared.am/|42
64|twitter|https://twitter.com/radiolared|42
65|Radioarg.com|http://www.radioarg.com/la-red/|42
66|Web|https://www.radiozero.cl/|8
67|twitter|https://twitter.com/radiozero977|8
68|Emisora.cl|http://www.emisora.cl/zero/|8
69|Web|http://www.futuro.cl/|20
70|Emisora.cl|http://www.emisora.cl/futuro/|20
71|Emisora.cl|http://www.emisora.cl/adn/|35
72|Emisora.org.es|http://www.emisora.org.es/marca/|26
73|Emisora.org.es|http://www.emisora.org.es/cope/|30
74|Emisora.org.es|http://www.emisora.org.es/cadena-ser/|31
75|Emisora.org.es|http://www.emisora.org.es/rock-fm/|34
76|Web|https://sonarfm.cl/|6
77|twitter|https://twitter.com/sonarfm|6
78|Web|https://oasisfm.cl/|32
79|twitter|https://twitter.com/OasisFMChile|32
80|Web|http://www.concierto.cl/|43
81|twitter|https://twitter.com/conciertoradio|43
82|Tunein|https://tunein.com/radio/Radio-Zero-977-s25204/|8
83|Tunein|https://tunein.com/radio/Sonar-FM-1057-s122596/|6
84|Tunein|https://tunein.com/radio/Oasis-FM-1021-s16300/|32
85|Tunein|https://tunein.com/radio/Futuro-FM-889-s16225/|20
86|Tunein|https://tunein.com/radio/ADN-Radio-Chile-917-s47070/|35
87|Tunein|https://tunein.com/radio/Concierto-FM-885-s25842/|43
88|Web|http://www.fmtiempo.cl/categoria/programas/|44
89|Web|http://www.rockandpop.cl/|45
90|Tunein|https://tunein.com/radio/Rock--Pop-(Chile)-941-s13745/|45
91|Tunein|https://tunein.com/radio/FM-Tiempo-959-s8407/|44
92|Tunein|https://tunein.com/radio/Radio-La-Red-AM-910-s13680|42
93|Web|http://www.azulfm.com.uy/|46
94|Radios.com.uy|http://www.radios.com.uy/azul/|46
95|Web|http://www.airefm.com.uy/|47
96|Radios.com.uy|http://www.radios.com.uy/aire/|47
97|Web|http://www.sarandi690.com.uy/|48
98|twitter|https://twitter.com/radiosarandi690|48
99|Radios.com.uy|http://www.radios.com.uy/sarandi/|48
100|Emisora.cl|http://www.emisora.cl/tiempo/|44
101|Web|https://www.biobiochile.cl/|49
102|twitter|https://twitter.com/biobio|49
103|Web|https://rpp.pe/|50
104|twitter|https://twitter.com/rppnoticias|50
105|Radios.com.pe|http://www.radios.com.pe/rpp/|50
106|Web|https://www.studio92.com/|51
107|twitter|https://twitter.com/Studio92|51
108|Radios.com.pe|http://www.radios.com.pe/studio/|51
109|Web|https://www.oxigeno.com.pe/|52
110|twitter|https://twitter.com/Radio_Oxigeno|52
111|Radios.com.pe|http://www.radios.com.pe/oxigeno/|52
112|Web|https://oasis.pe/|53
113|twitter|https://twitter.com/RadioOasisFM|53
114|Radios.com.pe|http://www.radios.com.pe/oasis/|53
115|Web|https://750.am/|54
116|twitter|https://twitter.com/AM750|54
117|Radioarg.com|http://www.radioarg.com/radio-10/|54
118|Web|http://www.lacostafm88.com/|55
119|twitter|https://twitter.com/LaCostaFM|55
120|Web|http://www.radiocero.com.uy/|56
121|twitter|https://twitter.com/Radiocero1043|56
122|Radios.com.uy|http://www.radios.com.uy/radio-cero/|56
123|Web|https://www.metropolisfm.com/|57
124|twitter|https://twitter.com/metropolis1049|57
125|Radios.com.uy|http://www.radios.com.uy/metropolis-fm/|57
126|Web|https://babel.uy/|58
127|twitter|https://twitter.com/BabelUy|58
128|Radios.com.uy|http://www.radios.com.uy/babel/|58
129|Web|http://www.alfafm.com.uy/|60
130|Radios.com.uy|http://www.radios.com.uy/alfa-montevideo/|60
131|instagram|https://www.instagram.com/DelSolUy/|2
132|youtube|https://www.youtube.com/channel/UCwxfiP2WBmLEblsrGgwWNMA|2
133|instagram|https://www.instagram.com/metro951/|5
134|Web|https://www.radiox.co.uk/|9
135|twitter|https://twitter.com/RadioX|9
136|youtube|https://www.youtube.com/user/XfmOfficial|9
137|twitter|https://twitter.com/radio1010uy|27
138|instagram|https://www.instagram.com/oceanofm|1
139|spotify|https://open.spotify.com/show/24tfPnYXU6dRDBddZ7D05d?si=ClIqx33ARPiq5ORPtk1exA|1
140|Web|http://www.wbgo.org|61
141|twitter|https://twitter.com/wbgo|61
142|instagram|https://www.instagram.com/wbgojazz/|61
143|Web|https://www.jazzfm.com/|10
144|twitter|https://twitter.com/jazzfm|10
145|instagram|https://www.instagram.com/jazzfmuk/|10
146|youtube|https://www.youtube.com/user/thisisjazzfm|10
147|twitter|https://twitter.com/thejazzgroove|62
148|Web|https://www.jazzgroove.org/|62
149|Web|https://www.jazz88.org/|63
150|twitter|https://twitter.com/jazz88|63
151|Web|http://www.jazz24.org|64
152|twitter|https://twitter.com/Jazz24Radio|64
153|instagram|https://www.instagram.com/jazz24radio/|64
154|youtube|https://www.youtube.com/c/knkxpublicradio|64
155|Web|https://smoothjazz.com.pl|66
156|Web|https://kkjz.org/|67
157|twitter|https://twitter.com/kjazz881|67
158|instagram|https://www.instagram.com/kjazz881/|67
159|youtube|https://www.youtube.com/user/KJazz881|67
160|Web|https://www.abc.net.au/jazz/|68
161|twitter|https://twitter.com/ABCJazz|68
162|instagram|https://www.instagram.com/abc_jazz/|68
163|Web|http://www.jazzlondonradio.com/|69
164|twitter|http://www.twitter.com/officialjazzlon|69
165|Web|http://stream.psychomed.gr|70
166|twitter|https://twitter.com/RadioAudiophile|70
167|Web|http://stream.psychomed.gr|71
168|Web|http://www.conciertourbana.com/|59
169|twitter|https://twitter.com/conciertourbana|59
170|Web|http://www.kissfm.com.br|72
171|twitter|https://twitter.com/kiss_fm|72
172|instagram|https://www.instagram.com/kissfm1021/|72
173|Web|http://clasica.uy/|73
174|twitter|https://twitter.com/ClasicaUy|73
175|Web|http://emisoradelsur.uy/|74
176|twitter|https://twitter.com/EmisoraDelSurUy|74
177|Web|http://radiouruguay.uy/|75
178|twitter|https://twitter.com/RadioUruguayUy|75
179|Web|https://www.ondacero.es|76
180|twitter|https://twitter.com/OndaCero_es|76
181|Web|http://www.rtve.es/radio/|77
182|twitter|https://twitter.com/rne|77
183|youtube|https://www.youtube.com/user/DelPlataFM|40
184|Official Site|http://www.cooperativa.cl/|79
185|twitter|https://twitter.com/cooperativa|79
186|Radio Cut|https://pe.radiocut.fm/radiostation/sport_uy/|3
187|Radio Cut|https://pe.radiocut.fm/radiostation/oceanouy/|1
188|Radio Cut|https://pe.radiocut.fm/radiostation/del-sol/|2
189|Radio Cut|https://pe.radiocut.fm/radiostation/metro951/|5
190|Radio Cut|https://pe.radiocut.fm/radiostation/sarandiuy/|48
191|Radio Cut|https://pe.radiocut.fm/radiostation/vorterix/|13
192|Radio Cut|https://uy.radiocut.fm/radiostation/azuluy/|46
193|Radio Cut|https://uy.radiocut.fm/radiostation/r1010uy/|27
194|Radio Cut|https://uy.radiocut.fm/radiostation/espectadoruy/|4
195|Radio Cut|https://uy.radiocut.fm/radiostation/universal/|28
196|Radio Cut|https://uy.radiocut.fm/radiostation/carveuy/|29
197|Web|http://www.oriental770.com|80
198|twitter|https://twitter.com/Oriental770|80
199|Radio Cut|https://uy.radiocut.fm/radiostation/oriental/|80
200|Web|http://www.radionacional.com.uy/|81
201|twitter|https://twitter.com/CX30Uy|81
202|Radios.com.uy|http://www.radios.com.uy/la-30-montevideo/|81
203|Radio Cut|https://uy.radiocut.fm/radiostation/nacional-uruguay/|81
204|Raddios|https://www.raddios.com/1324-radio-online-radio-sport-am-890-montevideo-uruguay|3
205|Web|http://kexp.org|82
206|twitter|https://twitter.com/kexp|82
207|instagram|https://www.instagram.com/kexp/|82
208|youtube|https://www.youtube.com/user/kexpradio|82
209|Web|http://dublab.com/|83
210|twitter|https://twitter.com/dublab|83
211|instagram|https://www.instagram.com/dublab/|83
212|Web|https://xray.fm/|84
213|twitter|https://twitter.com/xrayfm|84
214|instagram|https://www.instagram.com/xrayfm/|84
215|Web|http://kutx.org/|85
216|twitter|https://twitter.com/KUTX|85
217|instagram|https://www.instagram.com/KUTX/|85
218|Web|https://wfmu.org/|86
219|twitter|https://twitter.com/WFMU|86
220|Web|https://www.wwoz.org/|87
221|twitter|https://twitter.com/wwoz_neworleans|87
222|instagram|https://www.instagram.com/wwoz_neworleans/|87
223|Web|https://www.bbc.co.uk/6music|88
224|twitter|https://twitter.com/bbc6music|88
225|Web|https://www.wqxr.org/|89
226|twitter|https://twitter.com/WQXR|89
227|Web|https://www.newsounds.org|90
228|twitter|https://twitter.com/newsounds|90
229|Web|http://www.kusf.org/|91
230|twitter|https://twitter.com/KUSForg|91
231|Web|https://radiofreebrooklyn.com/|92
232|twitter|https://twitter.com/radiofreebk|92
233|Web|https://www.nts.live/|93
234|twitter|https://twitter.com/ntslive|93
235|Web|https://www.nts.live/|94
236|Web|http://somafm.com/indiepop/songhistory.html|95
237|Web|http://somafm.com/groovesalad/songhistory.html|96
238|Web|http://giantsofjazzradio.co.uk/|99
239|twitter|https://twitter.com/giantsofjazzrad|99
240|instagram|https://www.instagram.com/ElEspectador810/|4
241|Web|http://www.radiocero.com.uy/|100
242|twitter|https://twitter.com/Radiocero1043|100
243|spotify|https://open.spotify.com/user/radiozero977|8
244|instagram|https://www.instagram.com/radiozero977/|8
245|Web|https://playfm.cl/|101
246|Web|https://www.beethovenfm.cl/|102
247|Web|http://www.radioswissjazz.ch|103
248|Web|http://www.gfm.com.br/gfm-901/|104
